case,sample_id,scene_type_label,all_percent,all_reason,center_percent,center_reason,lateral_percent,lateral_reason,upper_percent,upper_reason,lower_percent,lower_reason
S01,sample_0C7F223E-0CFF-4789-9F4A-4E0F0537ED90,Plaza / square,50.87833134419005,,57.31136917232327,,45.05877514010307,,40.9656828738846,,55.02615088452085,
S02,sample_9624B398-30CF-4FB9-B947-8304F673F24B,Car interior,29.93988435399904,,29.306026530682,,28.688226064949646,,32.08115652845872,,32.639425967713635,
S03,sample_220FB254-A597-4B99-A436-C2022DBADC28,Other,229.21678595372148,,216.6663895025624,,274.7763578068839,,115.22069170119889,,213.79311659864868,
S04,sample_162F6995-D19D-474D-BF55-781CBC197529,Zoo / aquarium,28.679416758890646,,38.44583422788028,,28.294592233719996,,30.66786046593204,,21.78547643370206,
S05,sample_1B6BA4B7-5EE1-40BB-8C55-075262D79E38,Building exterior,29.997182150511236,,27.043485379531525,,30.387237178562405,,36.840952121118164,,32.143409006502836,
S06,sample_5F773BD5-9F3F-4C28-A59B-B76B7550C5B5,Waterfront promenade,30.453664375182438,,31.878575836164348,,24.834638761596313,,34.47262293453683,,28.009523832382555,
S07,sample_F309B205-4EB9-46BE-B742-F3EDBA89DB02,Performance,36.011252749283,,33.25819142223996,,33.414717022292265,,37.30795443466267,,47.45725738691818,
S08,sample_13D929A2-9904-4B0D-8A3B-4C6F23D05BB8,Shop / supermarket,39.44535067251847,,38.211791109418755,,37.36177350182238,,40.92199622001535,,48.91433334130363,
S09,sample_341B1442-E3AC-40D0-9536-184826C611C3,River / canal,32.11155653533536,,29.348332249348353,,30.37604808712094,,39.33821075097494,,34.18958662391082,
S10,sample_40AF1B57-801F-4B9A-B846-2A2FC415294B,Unspecified,68.06451241180447,,31.659668478298887,,74.34108862979303,,130.77981113448456,,81.06212793053045,
S11,sample_DD936A9E-D8C7-4B21-8D0C-9F3F7E5D5087,Restaurant,56.57667092416493,,46.01503782877586,,56.045506403467826,,53.29601095880179,,62.19854734500214,
S12,sample_4DA65991-EC70-406B-B4FF-B37006DADEBC,City street,31.93547219542824,,22.75155222255931,,32.52640906695301,,38.111497723094764,,37.47872130472589,
S13,sample_1A9D6761-E447-4988-BD5B-EBECC7C57D4C,Courtyard,26.90250440074707,,22.006016022145776,,25.977065854588606,,25.961708910915394,,38.24934681156987,
S14,sample_803F5FA8-C6D6-44D2-ABAD-FBA461D40E63,Garden,34.764927430291756,,36.662482432831666,,33.31076259405154,,41.54181502356611,,30.767601925664188,
S15,sample_228A67A4-E1A4-4EB0-9783-CD034E0A300D,Living room,72.89705764936024,,72.57815719031423,,71.09589282363042,,49.656778292842944,,111.77871612783423,
S16,sample_CA87B060-8669-437F-8562-8239B7C1651E,Sports ground / court,37.392231296238286,,32.25448564877058,,37.39072038802079,,45.32898239117256,,29.08851001607574,
S17,sample_E9E5EE14-0B5F-4EAD-BD37-EEAD889E33F4,Alley,79.99974871180775,,92.86774228082368,,85.02195883029059,,98.39849478690739,,49.2059100908529,
S18,sample_50C7BFB6-33D0-40A1-AB8A-965BEA14A656,Mountain / trail,66.93388549825052,,57.04265329851523,,68.7856730517343,,41.47240712644465,,81.5016419093212,
S19,sample_C62E3CCF-B305-4396-85CB-D4D2B864E492,Residential neighborhood,24.071038834936235,,16.467726728737368,,25.680495055666004,,35.50861795595115,,22.62205897623436,
S20,sample_CBC6D154-446B-419D-A206-FB26BC64B405,Bedroom,146.06633679403714,,193.1456427633451,,126.17699106516001,,177.70925578416316,,77.49984771519959,
S21,sample_E79F7968-6841-4F67-B062-9900F443034E,Lake / pond,34.343579332524634,,30.606353200304,,34.81733425827011,,28.660199657705714,,40.31990604979511,
S22,sample_53BF9614-B325-4EA9-9AF6-A448A611D864,Zoo / aquarium,44.17476104403566,,32.87238537834859,,41.80598069804013,,61.135925482251544,,43.4969741790997,
S23,sample_1C5F5F4F-F90B-4D2A-BC75-0A1E8B3A696D,Pet show,71.59987000123708,,80.8740195007553,,76.04419703231157,,59.097577980936734,,77.53655333488324,
S24,sample_061E5102-7460-4D2C-A963-77947972370E,Plaza / square,44.4818857824683,,42.004653714798614,,45.591342180860096,,37.46256584068711,,62.57316940550923,
